checked_at,leg,origin,destination,date,mode,flight,depart,arrive,stops,duration,brand,price,currency,taxes,seats
2026-10-07T23:45Z,ida,GRU,LAX,2027-03-31,cash,LA8086,2027-03-31T23:15:00,2027-04-01T07:30:00,0,735,Google Flights,4085.0,BRL,,
2026-10-07T23:45Z,ida,GRU,LAX,2027-04-01,cash,LA8086,2027-04-01T23:15:00,2027-04-02T07:30:00,0,735,Google Flights,4085.0,BRL,,
2026-10-07T23:45Z,ida,GRU,LAX,2027-04-02,cash,LA8086,2027-04-02T23:15:00,2027-04-03T07:30:00,0,735,Google Flights,4582.0,BRL,,
2026-10-07T23:45Z,volta,LAX,GRU,2027-04-09,cash,LA8087,2027-04-09T13:55:00,2027-04-10T05:30:00,0,695,Google Flights,2247.0,BRL,,
2026-10-07T23:45Z,volta,LAX,GRU,2027-04-10,cash,LA8087,2027-04-10T13:55:00,2027-04-11T05:30:00,0,695,Google Flights,2247.0,BRL,,
2026-10-08T01:56Z,ida,GRU,LAX,2027-03-31,cash,LA8086,2027-03-31T23:15:00,2027-04-01T07:30:00,0,735,Google Flights,4085.0,BRL,,
2026-10-08T01:56Z,ida,GRU,LAX,2027-04-01,cash,LA8086,2027-04-01T23:15:00,2027-04-02T07:30:00,0,735,Google Flights,4085.0,BRL,,
2026-10-08T01:56Z,ida,GRU,LAX,2027-04-02,cash,LA8086,2027-04-02T23:15:00,2027-04-03T07:30:00,0,735,Google Flights,4582.0,BRL,,
2026-10-08T01:56Z,volta,LAX,GRU,2027-04-09,cash,LA8087,2027-04-09T13:55:00,2027-04-10T05:30:00,0,695,Google Flights,2247.0,BRL,,
2026-10-08T01:56Z,volta,LAX,GRU,2027-04-10,cash,LA8087,2027-04-10T13:55:00,2027-04-11T05:30:00,0,695,Google Flights,2247.0,BRL,,
2026-10-08T15:32Z,ida,GRU,LAX,2027-03-31,cash,LA8086,2027-03-31T23:15:00,2027-04-01T07:30:00,0,735,Google Flights,4104.0,BRL,,
2026-10-08T15:32Z,ida,GRU,LAX,2027-04-01,cash,LA8086,2027-04-01T23:15:00,2027-04-02T07:30:00,0,735,Google Flights,4104.0,BRL,,
2026-10-08T15:32Z,ida,GRU,LAX,2027-04-02,cash,LA8086,2027-04-02T23:15:00,2027-04-03T07:30:00,0,735,Google Flights,4603.0,BRL,,
2026-10-08T15:32Z,volta,LAX,GRU,2027-04-09,cash,LA8087,2027-04-09T13:55:00,2027-04-10T05:30:00,0,695,Google Flights,2243.0,BRL,,
2026-10-08T15:32Z,volta,LAX,GRU,2027-04-10,cash,LA8087,2027-04-10T13:55:00,2027-04-11T05:30:00,0,695,Google Flights,2243.0,BRL,,
2026-10-08T23:17Z,ida,GRU,LAX,2027-03-31,cash,LA8086,2027-03-31T23:15:00,2027-04-01T07:30:00,0,735,Google Flights,4104.0,BRL,,
2026-10-08T23:17Z,ida,GRU,LAX,2027-04-01,cash,LA8086,2027-04-01T23:15:00,2027-04-02T07:30:00,0,735,Google Flights,4104.0,BRL,,
2026-10-08T23:17Z,ida,GRU,LAX,2027-04-02,cash,LA8086,2027-04-02T23:15:00,2027-04-03T07:30:00,0,735,Google Flights,4603.0,BRL,,
2026-10-08T23:17Z,volta,LAX,GRU,2027-04-09,cash,LA8087,2027-04-09T13:55:00,2027-04-10T05:30:00,0,695,Google Flights,2246.0,BRL,,
2026-10-08T23:17Z,volta,LAX,GRU,2027-04-10,cash,LA8087,2027-04-10T13:55:00,2027-04-11T05:30:00,0,695,Google Flights,2246.0,BRL,,
2026-10-09T12:19Z,ida,GRU,LAX,2027-03-31,cash,LA8086,2027-03-31T23:15:00,2027-04-01T07:30:00,0,735,Google Flights,4119.0,BRL,,
2026-10-09T12:19Z,ida,GRU,LAX,2027-04-01,cash,LA8086,2027-04-01T23:15:00,2027-04-02T07:30:00,0,735,Google Flights,4119.0,BRL,,
2026-10-09T12:19Z,ida,GRU,LAX,2027-04-02,cash,LA8086,2027-04-02T23:15:00,2027-04-03T07:30:00,0,735,Google Flights,4620.0,BRL,,
2026-10-09T12:19Z,volta,LAX,GRU,2027-04-09,cash,LA8087,2027-04-09T13:55:00,2027-04-10T05:30:00,0,695,Google Flights,2238.0,BRL,,
2026-10-09T12:19Z,volta,LAX,GRU,2027-04-10,cash,LA8087,2027-04-10T13:55:00,2027-04-11T05:30:00,0,695,Google Flights,2238.0,BRL,,
2026-10-09T15:14Z,ida,GRU,LAX,2027-03-31,cash,LA8086,2027-03-31T23:15:00,2027-04-01T07:30:00,0,735,Google Flights,4119.0,BRL,,
2026-10-09T15:14Z,ida,GRU,LAX,2027-04-01,cash,LA8086,2027-04-01T23:15:00,2027-04-02T07:30:00,0,735,Google Flights,4119.0,BRL,,
2026-10-09T15:14Z,ida,GRU,LAX,2027-04-02,cash,LA8086,2027-04-02T23:15:00,2027-04-03T07:30:00,0,735,Google Flights,4620.0,BRL,,
2026-10-09T15:14Z,volta,LAX,GRU,2027-04-09,cash,LA8087,2027-04-09T13:55:00,2027-04-10T05:30:00,0,695,Google Flights,2235.0,BRL,,
2026-10-09T15:14Z,volta,LAX,GRU,2027-04-10,cash,LA8087,2027-04-10T13:55:00,2027-04-11T05:30:00,0,695,Google Flights,2235.0,BRL,,
