checked_at,leg,origin,destination,date,mode,status,offers,detail
2026-10-07T23:45Z,ida,GRU,LAX,2027-03-31,cash,ok,1,
2026-10-07T23:45Z,ida,GRU,LAX,2027-04-01,cash,ok,1,
2026-10-07T23:45Z,ida,GRU,LAX,2027-04-02,cash,ok,1,
2026-10-07T23:45Z,volta,LAX,GRU,2027-04-09,cash,ok,1,
2026-10-07T23:45Z,volta,LAX,GRU,2027-04-10,cash,ok,1,
2026-10-07T23:45Z,volta,LAX,GRU,2027-04-11,cash,no_offers,0,
2026-10-08T01:56Z,ida,GRU,LAX,2027-03-31,cash,ok,1,
2026-10-08T01:56Z,ida,GRU,LAX,2027-04-01,cash,ok,1,
2026-10-08T01:56Z,ida,GRU,LAX,2027-04-02,cash,ok,1,
2026-10-08T01:56Z,volta,LAX,GRU,2027-04-09,cash,ok,1,
2026-10-08T01:56Z,volta,LAX,GRU,2027-04-10,cash,ok,1,
2026-10-08T01:56Z,volta,LAX,GRU,2027-04-11,cash,no_offers,0,
2026-10-08T15:32Z,ida,GRU,LAX,2027-03-31,cash,ok,1,
2026-10-08T15:32Z,ida,GRU,LAX,2027-04-01,cash,ok,1,
2026-10-08T15:32Z,ida,GRU,LAX,2027-04-02,cash,ok,1,
2026-10-08T15:32Z,volta,LAX,GRU,2027-04-09,cash,ok,1,
2026-10-08T15:32Z,volta,LAX,GRU,2027-04-10,cash,ok,1,
2026-10-08T15:32Z,volta,LAX,GRU,2027-04-11,cash,no_offers,0,
2026-10-08T23:17Z,ida,GRU,LAX,2027-03-31,cash,ok,1,
2026-10-08T23:17Z,ida,GRU,LAX,2027-04-01,cash,ok,1,
2026-10-08T23:17Z,ida,GRU,LAX,2027-04-02,cash,ok,1,
2026-10-08T23:17Z,volta,LAX,GRU,2027-04-09,cash,ok,1,
2026-10-08T23:17Z,volta,LAX,GRU,2027-04-10,cash,ok,1,
2026-10-08T23:17Z,volta,LAX,GRU,2027-04-11,cash,no_offers,0,
2026-10-09T12:19Z,ida,GRU,LAX,2027-03-31,cash,ok,1,
2026-10-09T12:19Z,ida,GRU,LAX,2027-04-01,cash,ok,1,
2026-10-09T12:19Z,ida,GRU,LAX,2027-04-02,cash,ok,1,
2026-10-09T12:19Z,volta,LAX,GRU,2027-04-09,cash,ok,1,
2026-10-09T12:19Z,volta,LAX,GRU,2027-04-10,cash,ok,1,
2026-10-09T12:19Z,volta,LAX,GRU,2027-04-11,cash,no_offers,0,
2026-10-09T15:14Z,ida,GRU,LAX,2027-03-31,cash,ok,1,
2026-10-09T15:14Z,ida,GRU,LAX,2027-04-01,cash,ok,1,
2026-10-09T15:14Z,ida,GRU,LAX,2027-04-02,cash,ok,1,
2026-10-09T15:14Z,volta,LAX,GRU,2027-04-09,cash,ok,1,
2026-10-09T15:14Z,volta,LAX,GRU,2027-04-10,cash,ok,1,
2026-10-09T15:14Z,volta,LAX,GRU,2027-04-11,cash,no_offers,0,
2026-10-09T22:34Z,ida,GRU,LAX,2027-03-31,cash,ok,1,
2026-10-09T22:34Z,ida,GRU,LAX,2027-04-01,cash,ok,1,
2026-10-09T22:34Z,ida,GRU,LAX,2027-04-02,cash,ok,1,
2026-10-09T22:34Z,volta,LAX,GRU,2027-04-09,cash,ok,1,
2026-10-09T22:34Z,volta,LAX,GRU,2027-04-10,cash,ok,1,
2026-10-09T22:34Z,volta,LAX,GRU,2027-04-11,cash,no_offers,0,
2026-10-10T02:16Z,ida,GRU,LAX,2027-03-31,cash,ok,1,
2026-10-10T02:16Z,ida,GRU,LAX,2027-04-01,cash,ok,1,
2026-10-10T02:16Z,ida,GRU,LAX,2027-04-02,cash,ok,1,
2026-10-10T02:16Z,volta,LAX,GRU,2027-04-09,cash,ok,1,
2026-10-10T02:16Z,volta,LAX,GRU,2027-04-10,cash,ok,1,
2026-10-10T02:16Z,volta,LAX,GRU,2027-04-11,cash,no_offers,0,
2026-10-10T14:26Z,ida,GRU,LAX,2027-03-31,cash,ok,1,
2026-10-10T14:26Z,ida,GRU,LAX,2027-04-01,cash,ok,1,
2026-10-10T14:26Z,ida,GRU,LAX,2027-04-02,cash,no_offers,0,
2026-10-10T14:26Z,volta,LAX,GRU,2027-04-09,cash,ok,1,
2026-10-10T14:26Z,volta,LAX,GRU,2027-04-10,cash,ok,1,
2026-10-10T14:26Z,volta,LAX,GRU,2027-04-11,cash,no_offers,0,
2026-10-10T21:36Z,ida,GRU,LAX,2027-03-31,cash,ok,1,
2026-10-10T21:36Z,ida,GRU,LAX,2027-04-01,cash,ok,1,
2026-10-10T21:36Z,ida,GRU,LAX,2027-04-02,cash,ok,1,
2026-10-10T21:36Z,volta,LAX,GRU,2027-04-09,cash,ok,1,
2026-10-10T21:36Z,volta,LAX,GRU,2027-04-10,cash,ok,1,
2026-10-10T21:36Z,volta,LAX,GRU,2027-04-11,cash,no_offers,0,
2026-10-11T01:49Z,ida,GRU,LAX,2027-03-31,cash,ok,1,
2026-10-11T01:49Z,ida,GRU,LAX,2027-04-01,cash,ok,1,
2026-10-11T01:49Z,ida,GRU,LAX,2027-04-02,cash,ok,1,
2026-10-11T01:49Z,volta,LAX,GRU,2027-04-09,cash,ok,1,
2026-10-11T01:49Z,volta,LAX,GRU,2027-04-10,cash,ok,1,
2026-10-11T01:49Z,volta,LAX,GRU,2027-04-11,cash,no_offers,0,
